Node1_Product,Node2_Department,Node3_Standard,Node4_QCO_Order,Node5_Scheme,Node6_Required_Tests,Node7_Authorized_Lab,Node8_Required_Documents,Node9_Gap_Analysis,Node10_Readiness_Score,Node11_Portal_Endpoint,Node12_Surveillance_Cycle
Household and Similar Electrical Appliances — Safety Part 1 General Requirements (Seventh Revision),DPIIT,IS 302 : Part 1 (2024),Electrical Appliances (Quality Control) Order,Scheme-I (ISI Mark),"Electric Strength (Cl 13), Insulation Resistance (Cl 16), Earth Continuity (Cl 27), Leakage Current (Cl 13.2), Temp Rise (Cl 11)",BIS Bengaluru Branch Laboratory (BNBL),"Factory Layout Plan, Machinery List, In-house Test Equipment Calibration Certs, Raw Material Test Certs, QC Personnel Undertaking",HV Tester & Leakage Meter typically in-house; Endurance test rig required externally,85% (Conditionally Ready pending lab calibration certs),Manakonline (e-BIS) -> Scheme-I (ISI Application Form V),Surveillance Audit: 12 months; Factory Sample Testing: Annual; License Validity: 2 Years
Safety of household and similar electrical appliances: Part 2 particular requirements: Sec 15 appliances for heating liquids (First Revision),DPIIT,IS 302 : Part 2 : Sec 15 (2009),Electrical Appliances (Quality Control) Order,Scheme-I (ISI Mark),"Electric Strength (Cl 13), Insulation Resistance (Cl 16), Earth Continuity (Cl 27), Leakage Current (Cl 13.2), Temp Rise (Cl 11)",BIS Bengaluru Branch Laboratory (BNBL),"Factory Layout Plan, Machinery List, In-house Test Equipment Calibration Certs, Raw Material Test Certs, QC Personnel Undertaking",HV Tester & Leakage Meter typically in-house; Endurance test rig required externally,85% (Conditionally Ready pending lab calibration certs),Manakonline (e-BIS) -> Scheme-I (ISI Application Form V),Surveillance Audit: 12 months; Factory Sample Testing: Annual; License Validity: 2 Years
Deepwell Handpumps Components and Special Tools Specification,DPIIT,IS 15500 : Part 1 to 8 (2021),DPIIT Compulsory Quality Control Order,Scheme-I (ISI Mark),"Hydrostatic Pressure Test (Cl 8), Tensile Strength (Cl 7), Chemical Composition Analysis (Cl 5), Corrosion Resistance / Salt Spray",BIS Bengaluru Branch Laboratory (BNBL),"Factory Layout Plan, Machinery List, In-house Test Equipment Calibration Certs, Raw Material Test Certs, QC Personnel Undertaking",Spectrometer for metallurgy required; Hydrostatic rig can be calibrated on-site,85% (Conditionally Ready pending lab calibration certs),Manakonline (e-BIS) -> Scheme-I (ISI Application Form V),Surveillance Audit: 12 months; Factory Sample Testing: Annual; License Validity: 2 Years
"""Deepwell Handpumps",DPIIT,IS 15500 : PART 2 (2021),DPIIT Compulsory Quality Control Order,Scheme-I (ISI Mark),"Hydrostatic Pressure Test (Cl 8), Tensile Strength (Cl 7), Chemical Composition Analysis (Cl 5), Corrosion Resistance / Salt Spray",BIS Bengaluru Branch Laboratory (BNBL),"Factory Layout Plan, Machinery List, In-house Test Equipment Calibration Certs, Raw Material Test Certs, QC Personnel Undertaking",Spectrometer for metallurgy required; Hydrostatic rig can be calibrated on-site,85% (Conditionally Ready pending lab calibration certs),Manakonline (e-BIS) -> Scheme-I (ISI Application Form V),Surveillance Audit: 12 months; Factory Sample Testing: Annual; License Validity: 2 Years
"""Deepwell handpumps",DPIIT,IS 15500 : Part 1 to 8 (2004),DPIIT Compulsory Quality Control Order,Scheme-I (ISI Mark),"Hydrostatic Pressure Test (Cl 8), Tensile Strength (Cl 7), Chemical Composition Analysis (Cl 5), Corrosion Resistance / Salt Spray",BIS Bengaluru Branch Laboratory (BNBL),"Factory Layout Plan, Machinery List, In-house Test Equipment Calibration Certs, Raw Material Test Certs, QC Personnel Undertaking",Spectrometer for metallurgy required; Hydrostatic rig can be calibrated on-site,85% (Conditionally Ready pending lab calibration certs),Manakonline (e-BIS) -> Scheme-I (ISI Application Form V),Surveillance Audit: 12 months; Factory Sample Testing: Annual; License Validity: 2 Years
Luminaires: Part 5 particular requirements: Sec 8 emergency lighting,DPIIT,IS 10322 : Part 5 : Sec 8 (2013),DPIIT Compulsory Quality Control Order,Scheme-I (ISI Mark),"Ingress Protection IP-54/65 (Cl 9), Thermal Endurance (Cl 12), Insulation & Electric Strength (Cl 10), Photometric Lux Output (Cl 8)",BIS Bengaluru Branch Laboratory (BNBL),"Factory Layout Plan, Machinery List, In-house Test Equipment Calibration Certs, Raw Material Test Certs, QC Personnel Undertaking",IP Chamber & Goniophotometer missing in standard SME lines -> External testing mandatory,85% (Conditionally Ready pending lab calibration certs),Manakonline (e-BIS) -> Scheme-I (ISI Application Form V),Surveillance Audit: 12 months; Factory Sample Testing: Annual; License Validity: 2 Years
Luminaires: Part 5 particular requirements: Sec 7 lighting chains (First Revision),DPIIT,IS 10322 : Part 5 : Sec 7 (2017),DPIIT Compulsory Quality Control Order,Scheme-I (ISI Mark),"Ingress Protection IP-54/65 (Cl 9), Thermal Endurance (Cl 12), Insulation & Electric Strength (Cl 10), Photometric Lux Output (Cl 8)",BIS Bengaluru Branch Laboratory (BNBL),"Factory Layout Plan, Machinery List, In-house Test Equipment Calibration Certs, Raw Material Test Certs, QC Personnel Undertaking",IP Chamber & Goniophotometer missing in standard SME lines -> External testing mandatory,85% (Conditionally Ready pending lab calibration certs),Manakonline (e-BIS) -> Scheme-I (ISI Application Form V),Surveillance Audit: 12 months; Factory Sample Testing: Annual; License Validity: 2 Years
Luminaires: Part 5 particular requirements: Sec 6 handlamps,DPIIT,IS 10322 : Part 5 : Sec 6 (2013),DPIIT Compulsory Quality Control Order,Scheme-I (ISI Mark),"Ingress Protection IP-54/65 (Cl 9), Thermal Endurance (Cl 12), Insulation & Electric Strength (Cl 10), Photometric Lux Output (Cl 8)",BIS Bengaluru Branch Laboratory (BNBL),"Factory Layout Plan, Machinery List, In-house Test Equipment Calibration Certs, Raw Material Test Certs, QC Personnel Undertaking",IP Chamber & Goniophotometer missing in standard SME lines -> External testing mandatory,85% (Conditionally Ready pending lab calibration certs),Manakonline (e-BIS) -> Scheme-I (ISI Application Form V),Surveillance Audit: 12 months; Factory Sample Testing: Annual; License Validity: 2 Years
Luminaires: Part 5 particular requirements: Sec 5 floodlights (First Revision),DPIIT,IS 10322 : Part 5 : Sec 5 (2013),DPIIT Compulsory Quality Control Order,Scheme-I (ISI Mark),"Ingress Protection IP-54/65 (Cl 9), Thermal Endurance (Cl 12), Insulation & Electric Strength (Cl 10), Photometric Lux Output (Cl 8)",BIS Bengaluru Branch Laboratory (BNBL),"Factory Layout Plan, Machinery List, In-house Test Equipment Calibration Certs, Raw Material Test Certs, QC Personnel Undertaking",IP Chamber & Goniophotometer missing in standard SME lines -> External testing mandatory,85% (Conditionally Ready pending lab calibration certs),Manakonline (e-BIS) -> Scheme-I (ISI Application Form V),Surveillance Audit: 12 months; Factory Sample Testing: Annual; License Validity: 2 Years
Luminaires: Part 5 particular requirements: Sec 3 luminaires for road and street lighting (First Revision),DPIIT,IS 10322 : PART 5 : SEC 3 (2012),DPIIT Compulsory Quality Control Order,Scheme-I (ISI Mark),"Ingress Protection IP-54/65 (Cl 9), Thermal Endurance (Cl 12), Insulation & Electric Strength (Cl 10), Photometric Lux Output (Cl 8)",BIS Bengaluru Branch Laboratory (BNBL),"Factory Layout Plan, Machinery List, In-house Test Equipment Calibration Certs, Raw Material Test Certs, QC Personnel Undertaking",IP Chamber & Goniophotometer missing in standard SME lines -> External testing mandatory,85% (Conditionally Ready pending lab calibration certs),Manakonline (e-BIS) -> Scheme-I (ISI Application Form V),Surveillance Audit: 12 months; Factory Sample Testing: Annual; License Validity: 2 Years
Luminaires: Part 5 particular requirements: Sec 2 recessed luminaires (First Revision),DPIIT,IS 10322 : Part 5 : Sec 2 (2012),DPIIT Compulsory Quality Control Order,Scheme-I (ISI Mark),"Ingress Protection IP-54/65 (Cl 9), Thermal Endurance (Cl 12), Insulation & Electric Strength (Cl 10), Photometric Lux Output (Cl 8)",BIS Bengaluru Branch Laboratory (BNBL),"Factory Layout Plan, Machinery List, In-house Test Equipment Calibration Certs, Raw Material Test Certs, QC Personnel Undertaking",IP Chamber & Goniophotometer missing in standard SME lines -> External testing mandatory,85% (Conditionally Ready pending lab calibration certs),Manakonline (e-BIS) -> Scheme-I (ISI Application Form V),Surveillance Audit: 12 months; Factory Sample Testing: Annual; License Validity: 2 Years
Luminaires: Part 5 particular requirements: Sec 1 fixed general purpose luminaires (First Revision),DPIIT,IS 10322 : Part 5 : Sec 1 (2012),DPIIT Compulsory Quality Control Order,Scheme-I (ISI Mark),"Ingress Protection IP-54/65 (Cl 9), Thermal Endurance (Cl 12), Insulation & Electric Strength (Cl 10), Photometric Lux Output (Cl 8)",BIS Bengaluru Branch Laboratory (BNBL),"Factory Layout Plan, Machinery List, In-house Test Equipment Calibration Certs, Raw Material Test Certs, QC Personnel Undertaking",IP Chamber & Goniophotometer missing in standard SME lines -> External testing mandatory,85% (Conditionally Ready pending lab calibration certs),Manakonline (e-BIS) -> Scheme-I (ISI Application Form V),Surveillance Audit: 12 months; Factory Sample Testing: Annual; License Validity: 2 Years
Safety of lamp controlgear: Part 2 particular requirements: Sec 13 d.c. or a.c. supplied electronic controlgear for led modules,DPIIT,IS 15885 : Part 2 : Sec 13 (2012),DPIIT Compulsory Quality Control Order,Scheme-I (ISI Mark),"Marking & Dimensions, Mechanical Strength, Dielectric Proof, Material Integrity Verification",BIS Bengaluru Branch Laboratory (BNBL),"Factory Layout Plan, Machinery List, In-house Test Equipment Calibration Certs, Raw Material Test Certs, QC Personnel Undertaking",Standard test bench calibration audit required,85% (Conditionally Ready pending lab calibration certs),Manakonline (e-BIS) -> Scheme-I (ISI Application Form V),Surveillance Audit: 12 months; Factory Sample Testing: Annual; License Validity: 2 Years
Portland pozzolana cement - Specification: Part 1 fly Ash Based,DPIIT,IS 1489 (,DPIIT Compulsory Quality Control Order,Scheme-I (ISI Mark),"Marking & Dimensions, Mechanical Strength, Dielectric Proof, Material Integrity Verification",BIS Bengaluru Branch Laboratory (BNBL),"Factory Layout Plan, Machinery List, In-house Test Equipment Calibration Certs, Raw Material Test Certs, QC Personnel Undertaking",Standard test bench calibration audit required,85% (Conditionally Ready pending lab calibration certs),Manakonline (e-BIS) -> Scheme-I (ISI Application Form V),Surveillance Audit: 12 months; Factory Sample Testing: Annual; License Validity: 2 Years
Cable trunking systems and cable ducting Systems for electrical installations Part 2-1: particular requirements cable trunking systems and cable Ducting systems intended for mounting on walls and ceilings first revision,DPIIT,IS 14927 : Part 2 : Sec 1 (2023),Electrical Appliances (Quality Control) Order,Scheme-I (ISI Mark),"Marking & Dimensions, Mechanical Strength, Dielectric Proof, Material Integrity Verification",BIS Bengaluru Branch Laboratory (BNBL),"Factory Layout Plan, Machinery List, In-house Test Equipment Calibration Certs, Raw Material Test Certs, QC Personnel Undertaking",Standard test bench calibration audit required,85% (Conditionally Ready pending lab calibration certs),Manakonline (e-BIS) -> Scheme-I (ISI Application Form V),Surveillance Audit: 12 months; Factory Sample Testing: Annual; License Validity: 2 Years
Safety of household and similar electrical appliances: Part 2 particular requirements: Sec 35 electric instantaneous water heaters (Second Revision),DPIIT,IS 302 : Part 2 : Sec 35 (2017),Electrical Appliances (Quality Control) Order,Scheme-I (ISI Mark),"Electric Strength (Cl 13), Insulation Resistance (Cl 16), Earth Continuity (Cl 27), Leakage Current (Cl 13.2), Temp Rise (Cl 11)",BIS Bengaluru Branch Laboratory (BNBL),"Factory Layout Plan, Machinery List, In-house Test Equipment Calibration Certs, Raw Material Test Certs, QC Personnel Undertaking",HV Tester & Leakage Meter typically in-house; Endurance test rig required externally,85% (Conditionally Ready pending lab calibration certs),Manakonline (e-BIS) -> Scheme-I (ISI Application Form V),Surveillance Audit: 12 months; Factory Sample Testing: Annual; License Validity: 2 Years
Safety of household and similar electrical appliances: Part 2 particular requirements: Sec 21 stationary storage type electric water heaters (Second Revision),DPIIT,IS 302 : Part 2 : Sec 21 (2018),Electrical Appliances (Quality Control) Order,Scheme-I (ISI Mark),"Electric Strength (Cl 13), Insulation Resistance (Cl 16), Earth Continuity (Cl 27), Leakage Current (Cl 13.2), Temp Rise (Cl 11)",BIS Bengaluru Branch Laboratory (BNBL),"Factory Layout Plan, Machinery List, In-house Test Equipment Calibration Certs, Raw Material Test Certs, QC Personnel Undertaking",HV Tester & Leakage Meter typically in-house; Endurance test rig required externally,85% (Conditionally Ready pending lab calibration certs),Manakonline (e-BIS) -> Scheme-I (ISI Application Form V),Surveillance Audit: 12 months; Factory Sample Testing: Annual; License Validity: 2 Years
"""Safety of household and similar electrical appliances: Part 2 particular requirements: Sec 9 toasters",DPIIT,IS 302 : Part 2 : Sec 9 (2009),Electrical Appliances (Quality Control) Order,Scheme-I (ISI Mark),"Electric Strength (Cl 13), Insulation Resistance (Cl 16), Earth Continuity (Cl 27), Leakage Current (Cl 13.2), Temp Rise (Cl 11)",BIS Bengaluru Branch Laboratory (BNBL),"Factory Layout Plan, Machinery List, In-house Test Equipment Calibration Certs, Raw Material Test Certs, QC Personnel Undertaking",HV Tester & Leakage Meter typically in-house; Endurance test rig required externally,85% (Conditionally Ready pending lab calibration certs),Manakonline (e-BIS) -> Scheme-I (ISI Application Form V),Surveillance Audit: 12 months; Factory Sample Testing: Annual; License Validity: 2 Years
"""Modular Lower Limb Orthotic Components — Specification Part 7 Orthotic Joint Bars",DPIIT,IS 9471 : Part 7 (2024),DPIIT Compulsory Quality Control Order,Scheme-I (ISI Mark),"Marking & Dimensions, Mechanical Strength, Dielectric Proof, Material Integrity Verification",BIS Bengaluru Branch Laboratory (BNBL),"Factory Layout Plan, Machinery List, In-house Test Equipment Calibration Certs, Raw Material Test Certs, QC Personnel Undertaking",Standard test bench calibration audit required,85% (Conditionally Ready pending lab calibration certs),Manakonline (e-BIS) -> Scheme-I (ISI Application Form V),Surveillance Audit: 12 months; Factory Sample Testing: Annual; License Validity: 2 Years
"""Modular Lower Limb Orthotic Components — Specification Part 6 Orthotic Hip Joint (Joint Unit",DPIIT,IS 9471 : Part 6 (2024),DPIIT Compulsory Quality Control Order,Scheme-I (ISI Mark),"Marking & Dimensions, Mechanical Strength, Dielectric Proof, Material Integrity Verification",BIS Bengaluru Branch Laboratory (BNBL),"Factory Layout Plan, Machinery List, In-house Test Equipment Calibration Certs, Raw Material Test Certs, QC Personnel Undertaking",Standard test bench calibration audit required,85% (Conditionally Ready pending lab calibration certs),Manakonline (e-BIS) -> Scheme-I (ISI Application Form V),Surveillance Audit: 12 months; Factory Sample Testing: Annual; License Validity: 2 Years
"""Modular Lower Limb Orthotic Components — Specification Part 4 Joint Unit",DPIIT,IS 9471 : Part 4 (2024),DPIIT Compulsory Quality Control Order,Scheme-I (ISI Mark),"Marking & Dimensions, Mechanical Strength, Dielectric Proof, Material Integrity Verification",BIS Bengaluru Branch Laboratory (BNBL),"Factory Layout Plan, Machinery List, In-house Test Equipment Calibration Certs, Raw Material Test Certs, QC Personnel Undertaking",Standard test bench calibration audit required,85% (Conditionally Ready pending lab calibration certs),Manakonline (e-BIS) -> Scheme-I (ISI Application Form V),Surveillance Audit: 12 months; Factory Sample Testing: Annual; License Validity: 2 Years
Modular Lower Limb Orthotic Components — Specification Part 3 Stirrup Plates (First Revision),DPIIT,IS 9471 : Part 3 (2024),DPIIT Compulsory Quality Control Order,Scheme-I (ISI Mark),"Marking & Dimensions, Mechanical Strength, Dielectric Proof, Material Integrity Verification",BIS Bengaluru Branch Laboratory (BNBL),"Factory Layout Plan, Machinery List, In-house Test Equipment Calibration Certs, Raw Material Test Certs, QC Personnel Undertaking",Standard test bench calibration audit required,85% (Conditionally Ready pending lab calibration certs),Manakonline (e-BIS) -> Scheme-I (ISI Application Form V),Surveillance Audit: 12 months; Factory Sample Testing: Annual; License Validity: 2 Years
Petroleum and Natural Gas Industries Steel Pipe for Pipeline Transportation Systems ( Second Revision ),DPIIT,IS/ISO 3183 (2019) Petroleum and Natural Gas Industries Steel,DPIIT Compulsory Quality Control Order,Scheme-I (ISI Mark),"Marking & Dimensions, Mechanical Strength, Dielectric Proof, Material Integrity Verification",BIS Bengaluru Branch Laboratory (BNBL),"Factory Layout Plan, Machinery List, In-house Test Equipment Calibration Certs, Raw Material Test Certs, QC Personnel Undertaking",Standard test bench calibration audit required,85% (Conditionally Ready pending lab calibration certs),Manakonline (e-BIS) -> Scheme-I (ISI Application Form V),Surveillance Audit: 12 months; Factory Sample Testing: Annual; License Validity: 2 Years
AYD 01 - Ayurveda Sectional Committee,DPIIT,nan,DPIIT Compulsory Quality Control Order,Scheme-I (ISI Mark),"Marking & Dimensions, Mechanical Strength, Dielectric Proof, Material Integrity Verification",BIS Bengaluru Branch Laboratory (BNBL),"Factory Layout Plan, Machinery List, In-house Test Equipment Calibration Certs, Raw Material Test Certs, QC Personnel Undertaking",Standard test bench calibration audit required,85% (Conditionally Ready pending lab calibration certs),Manakonline (e-BIS) -> Scheme-I (ISI Application Form V),Surveillance Audit: 12 months; Factory Sample Testing: Annual; License Validity: 2 Years
